fitness,speed,distance
613.48,12.339751696694254,31.548548742223627
888.84,24.829102062888182,42.961772742923124
783.18,12.106852266476398,32.80144089503477
704.0,16.60173967029123,42.7893233512727
3159.79,1.0055957714318642,12.37043536250742
653.17,25.135670353569438,16.188633492801618
770.22,14.281662246190368,31.3365605067906
548.66,27.468239939411127,10.117318086948135
862.0,22.870368831462663,15.005869478321632
646.28,14.868646402288666,26.81480470601644
749.99,12.106852266476398,32.80144089503477
631.75,27.468239939411127,20.726939296869368
673.59,14.868646402288666,26.81480470601644
539.1,27.468239939411127,10.117318086948135
654.82,25.135670353569438,16.188633492801618
703.36,24.829102062888182,34.88828872446978
527.19,27.468239939411127,26.453320719110415
928.05,12.339751696694254,31.548548742223627
748.21,27.468239939411127,21.459379490991452
618.73,27.468239939411127,18.46606139648229
678.23,27.468239939411127,27.807614010669575
658.69,24.829102062888182,30.85154671524311
739.65,27.468239939411127,15.422128691908751
721.52,24.829102062888182,34.88828872446978
710.63,27.468239939411127,24.137092098503945
709.95,27.468239939411127,24.137092098503945
568.13,27.468239939411127,23.770872001442903
722.5,24.829102062888182,34.88828872446978
698.12,27.468239939411127,18.824006491896533
782.84,27.468239939411127,18.46606139648229
670.77,30.0,10.25637560291395
573.35,24.829102062888182,32.869917719856446
678.56,24.829102062888182,32.869917719856446
572.56,27.468239939411127,24.137092098503945
764.3,22.224875313051296,16.694761870113204
576.87,27.468239939411127,24.137092098503945
662.06,24.829102062888182,32.869917719856446
823.46,27.468239939411127,27.807614010669575
675.95,27.468239939411127,23.953982049973426
786.98,24.829102062888182,30.85154671524311
558.56,27.468239939411127,27.402764382608268
731.7,30.0,17.105178826443687
764.36,27.468239939411127,28.503504909180194
807.77,24.829102062888182,31.860732217549778
874.36,30.0,17.19673385070895
710.12,30.0,17.105178826443687
800.09,24.829102062888182,32.869917719856446
646.77,27.468239939411127,28.411949884914936
665.11,27.468239939411127,24.137092098503945
740.02,24.829102062888182,24.782339794984825
732.84,27.468239939411127,26.59714483994988
630.26,30.0,17.105178826443687
707.84,27.468239939411127,28.503504909180194
845.86,27.468239939411127,27.9073571337616
622.09,27.468239939411127,24.459715946744385
583.94,30.0,24.987548273150068
707.5,24.829102062888182,24.782339794984825
598.19,30.0,17.105178826443687
653.36,27.468239939411127,27.402764382608268
826.96,30.0,22.804341867811942
708.13,30.0,22.25397160452598
750.18,30.0,21.04636354979688
629.99,27.468239939411127,27.95313464589423
741.23,30.0,21.04636354979688
509.59,24.829102062888182,24.782339794984825
836.12,30.0,25.792346556549973
706.75,27.468239939411127,26.999954611279072
642.03,30.0,25.792346556549973
676.18,27.468239939411127,24.621027870864605
755.46,30.0,25.792346556549973
608.08,30.0,24.023159080537976
900.37,27.468239939411127,27.95313464589423
840.24,30.0,24.023159080537976
754.44,30.0,25.20668721370729
761.57,30.0,21.04636354979688
690.47,27.64736742902966,21.991076817551892
801.95,30.0,25.287343175767397
553.02,30.0,25.287343175767397
532.81,24.829102062888182,24.782339794984825
626.73,30.0,23.419355053173426
743.29,30.0,23.7212570668557
682.62,30.0,25.20668721370729
562.88,30.0,24.61492314712263
735.71,30.0,22.91435167239085
580.6,30.0,22.53476131516743
651.67,30.0,23.007117949044932
648.36,30.0,24.100847424079127
678.07,30.0,23.639209996659645
838.7,30.0,23.59888201562959
536.92,30.0,24.4027494377614
693.57,30.0,24.020979717210523
533.44,30.0,23.870028710369386
757.29,30.0,23.086985655913537
651.05,30.0,24.251798430920264
731.23,30.0,24.4027494377614
692.35,30.0,23.811020548083782
737.2,30.0,25.20668721370729
704.38,30.0,22.53476131516743
637.87,30.0,24.127066571891138
597.68,30.0,23.57484223114503
639.22,30.0,23.692931389614408
674.58,30.0,24.13638907406539
754.9,30.0,23.330913943529282
675.25,30.0,24.4027494377614
701.59,30.0,23.468755376464415
695.19,30.0,24.13638907406539
691.24,30.0,24.804718325734346
791.97,30.0,23.969043559987462
737.63,30.0,24.020979717210523
681.19,30.0,23.692931389614408
750.79,30.0,23.9146602318399
665.11,30.0,23.58084338303941
627.64,30.0,23.692931389614408
799.97,30.0,24.470553699899867
616.58,30.0,23.58084338303941
626.97,30.0,23.856955553412465
743.15,30.0,24.804718325734346
784.04,30.0,23.39983465999685
612.12,30.0,23.74486754683747
639.74,30.0,24.269569255913396
705.15,30.0,23.829763889338686
593.35,30.0,23.58084338303941
584.88,30.0,23.692931389614408
683.03,30.0,23.39983465999685
570.68,30.0,23.63688738632691
610.62,30.0,23.58084338303941
796.11,30.0,23.39983465999685
652.45,30.0,23.66285546493844
767.06,30.0,24.19278085438688
576.68,30.0,24.359689278787123
544.72,30.0,24.01127237186278
650.59,30.0,23.886812118713145
560.1,30.0,23.649871425632675
587.01,30.0,23.51836102316188
744.14,30.0,23.79630775719186
639.54,30.0,23.7333256378328
745.43,30.0,24.19278085438688
606.89,26.640110702506263,23.23695441287295
636.39,30.0,23.998288332557017
748.37,30.0,23.829763889338686
603.6,30.0,23.443412919252815
749.3,26.640110702506263,23.23695441287295
576.85,30.0,23.624113392367867
760.08,30.0,23.90379006452732
593.56,30.0,23.886812118713145
764.44,30.0,23.485140025352877
741.05,30.0,23.810068878272972
725.19,30.0,23.998288332557017
724.22,30.0,23.921326140009775
663.46,30.0,23.443412919252815
530.54,30.0,23.720850625904916
724.38,30.0,23.443412919252815
452.28,30.0,23.755462755540506
746.59,30.0,23.443412919252815
602.57,30.0,23.443412919252815
794.75,30.0,23.53376315581034
684.95,30.0,23.886812118713145
740.33,30.0,23.66511251898298
607.81,30.0,23.755462755540506
621.81,30.0,23.921326140009775
701.92,30.0,23.66511251898298
637.61,30.0,23.59943783739666
560.97,30.0,23.59943783739666
681.77,30.0,23.710287637261743
663.05,30.0,23.59943783739666
867.09,30.0,23.59943783739666
645.0,30.0,23.83839444777514
597.77,30.0,23.775962318848062
743.48,30.0,23.886812118713145
767.38,30.0,23.66511251898298
779.15,30.0,23.59943783739666
564.65,30.0,23.632275178189822
768.38,30.0,23.7431249780549
948.69,30.0,23.632275178189822
616.78,30.0,23.68770007812236
658.35,30.0,23.751753483379062
698.89,30.0,23.59943783739666
682.75,30.0,23.7431249780549
646.43,30.0,23.654862737329204
682.17,30.0,23.632275178189822
900.63,30.0,23.67128140772578
671.36,30.0,23.71541252808863
806.39,30.0,23.71972678075071
636.14,30.0,23.61585650779324
577.8,30.0,23.61585650779324
741.46,30.0,23.67128140772578
584.81,30.0,23.68770007812236
673.99,30.0,23.7431249780549
637.66,30.0,23.7431249780549
636.19,30.0,23.703308110354133
600.77,30.0,23.64356895775951
640.36,30.0,23.67949074292407
622.1,30.0,23.665634517940937
672.33,30.0,23.64356895775951
749.5,30.0,23.731425879402806
744.11,30.0,23.68770007812236
670.14,30.0,23.6517782929578
751.65,30.0,23.71541252808863
687.41,30.0,23.701556303105498
790.97,30.0,23.72321654420452
651.36,30.0,23.66973918554008
629.75,30.0,23.70545831116344
622.5,30.0,23.68749741858116
546.3,30.0,23.690523523014782
572.33,30.0,23.665634517940937
785.16,30.0,23.68749741858116
681.41,30.0,23.70545831116344
625.86,30.0,23.68770007812236
780.32,30.0,23.67666729803165
666.08,30.0,23.64356895775951
817.07,30.0,23.665533188170336
683.05,30.0,23.68554641455219
510.2,30.0,23.689111800568572
668.58,30.0,23.6965791946429
705.14,30.0,23.674513634461476
798.22,30.0,23.673203241785863
802.23,30.0,23.69799091708911
666.0,30.0,23.66768685174051
632.77,30.0,23.66011812789558
795.25,30.0,23.667046240387144
708.37,30.0,23.681812717515022
670.52,30.0,23.686252275775296
737.52,30.0,23.692845497605738
612.8,30.0,23.67834866126924
655.85,30.0,23.691062804597543
644.73,30.0,23.68115752117722
557.39,30.0,23.684891218214382
698.42,30.0,23.66768685174051
638.76,30.0,23.66768685174051
664.08,30.0,23.691062804597543
685.77,30.0,23.679374828169024
674.79,30.0,23.68161993974181
713.43,30.0,23.66768685174051
651.05,30.0,23.66768685174051
775.28,30.0,23.68865754018642
711.59,30.0,23.68611016288738
636.79,30.0,23.687977011405962
601.71,30.0,23.676289034977444
698.55,30.0,23.683351967864702
603.0,30.0,23.66768685174051
861.56,30.0,23.676289034977444
574.98,30.0,23.68161993974181
693.36,30.0,23.683351967864702
653.34,30.0,23.682133023191703
579.17,30.0,23.677831931573234
628.17,30.0,23.68049738395542
635.8,30.0,23.681199598932412
741.34,30.0,23.675519409802604
599.21,30.0,23.68248595380326
727.46,30.0,23.66768685174051
734.52,30.0,23.68149166887934
696.13,30.0,23.679164657764325
650.8,30.0,23.674092117847962
564.44,30.0,23.67444322533646
576.85,30.0,23.682742495528203
614.73,30.0,23.674909937466104
679.13,30.0,23.68248595380326
602.31,30.0,23.678569674772206
776.81,30.0,23.681199598932412
532.93,30.0,23.68140976933711
785.39,30.0,23.6819888113413
630.02,30.0,23.6819888113413
682.99,30.0,23.678867166268265
673.07,30.0,23.6779674471079
737.37,30.0,23.67815985340161
758.16,30.0,23.681947861570187
641.32,30.0,23.6779674471079
697.49,30.0,23.678417306688083
814.84,30.0,23.676739806119155
568.4,30.0,23.676506450054333
704.93,30.0,23.6779674471079
730.69,30.0,23.6779674471079
686.57,30.0,23.6779674471079
755.7,30.0,23.6779674471079
708.66,30.0,23.680074332371454
614.46,30.0,23.67995765433904
521.49,30.0,23.6800538574859
690.77,30.0,23.678417306688083
863.83,30.0,23.6819888113413
702.06,30.0,23.6799781292246
773.49,30.0,23.67896255072347
678.21,30.0,23.67819237689799
720.54,30.0,23.67819237689799
671.08,30.0,23.679020889739675
666.46,30.0,23.67896255072347
660.53,30.0,23.6779674471079
604.43,30.0,23.6779674471079
712.2,30.0,23.680074332371454
611.44,30.0,23.67819237689799
680.36,30.0,23.679020889739675
689.05,30.0,23.67819237689799
685.22,30.0,23.678606633318832
785.52,30.0,23.679133354634722
746.59,30.0,23.678079912002943
655.43,30.0,23.678079912002943
704.7,30.0,23.67849416842379
765.27,30.0,23.678606633318832
717.8,30.0,23.678079912002943
683.36,30.0,23.67819237689799
722.24,30.0,23.678606633318832
579.69,30.0,23.67834327266089
752.85,30.0,23.67834327266089
693.78,30.0,23.678287040213366
735.73,30.0,23.67834327266089
625.15,30.0,23.67834327266089
786.89,30.0,23.67834327266089
670.25,30.0,23.67834327266089
608.95,30.0,23.678606633318832
764.64,30.0,23.678079912002943
801.64,30.0,23.678136144450466
603.41,30.0,23.67834327266089
711.13,30.0,23.67847495298986
742.04,30.0,23.67834327266089
793.22,30.0,23.67834327266089
680.07,30.0,23.67834327266089
739.19,30.0,23.67847495298986
794.78,30.0,23.678211592331916
765.61,30.0,23.67834327266089
630.63,30.0,23.678211592331916
713.76,30.0,23.678211592331916
578.36,30.0,23.6782774324964
633.13,30.0,23.67834327266089
762.29,30.0,23.678211592331916
638.94,30.0,22.69285953417031
680.56,30.0,23.6782774324964
789.69,30.0,23.6782774324964
685.62,30.0,23.67834327266089
628.08,30.0,23.6782774324964
819.91,30.0,23.67834327266089
610.53,30.0,23.67847495298986
729.2,30.0,23.6782774324964
756.15,30.0,23.67824451241416
604.44,30.0,23.6782774324964
556.6,30.0,23.185667243580085
899.89,30.0,23.185535563251115
687.26,30.0,23.6782774324964
653.65,30.0,23.6782774324964
728.66,30.0,23.185568483333356
595.24,30.0,23.6782774324964
776.58,30.0,23.185568483333356
719.57,30.0,23.6782774324964
624.35,30.0,23.43192295791488
557.67,30.0,23.67826097245528
668.12,30.0,23.185568483333356
781.31,30.0,23.43192295791488
603.25,30.0,23.6782774324964
509.04,30.0,23.185568483333356
700.51,30.0,23.6782774324964
763.56,30.0,23.67824451241416
777.28,30.0,23.43192295791488
762.01,30.0,23.55510019520564
661.0,30.0,23.55510019520564
794.01,30.0,23.308745720624117
574.02,30.0,23.55510019520564
752.65,30.0,23.67826097245528
658.65,30.0,23.308745720624117
903.09,30.0,23.6782774324964
689.54,30.0,23.67826097245528
549.56,30.0,23.43192295791488
591.11,30.0,23.185568483333356
570.94,30.0,23.61668058383046
624.36,30.0,23.370334339269498
606.46,30.0,23.43192295791488
575.89,30.0,23.493503346539697
670.44,30.0,23.370334339269498
636.05,30.0,23.43192295791488
675.81,30.0,23.370334339269498
658.65,30.0,23.493503346539697
692.01,30.0,23.247157101978736
771.27,30.0,23.61668058383046
812.1,30.0,23.431918842904597
700.43,30.0,23.431918842904597
655.4,30.0,23.43192295791488
737.73,30.0,23.43192295791488
715.15,30.0,23.462713152227288
682.54,30.0,23.493507461549978
656.18,30.0,23.431918842904597
714.52,30.0,23.370330224259217
711.35,30.0,23.339540029946807
600.64,30.0,23.493503346539697
816.15,30.0,23.462713152227288
731.93,30.0,23.462713152227288
584.28,30.0,23.431920900409736
496.76,30.0,23.431920900409736
764.42,30.0,23.49350540404484
793.16,30.0,23.431918842904597
654.42,30.0,23.401124533581907
862.0,30.0,23.447315997565944
549.12,30.0,23.385729436425702
546.63,30.0,23.431920900409736
743.16,30.0,23.49350540404484
535.18,30.0,23.40882516841772
683.64,30.0,23.431920900409736
678.77,30.0,23.447317026318512
770.55,30.0,23.431920900409736
587.59,30.0,23.431918842904597
786.59,30.0,23.447317026318512
731.98,30.0,23.431920900409736
663.04,30.0,23.431920900409736
664.12,30.0,23.431918842904597
777.0,30.0,23.431919871657165
756.97,30.0,23.431919871657165
596.75,30.0,23.431918842904597
632.72,30.0,23.431920900409736
704.58,30.0,23.431919871657165
574.86,30.0,23.431920900409736
775.36,30.0,23.439618963364126
840.62,30.0,23.431919871657165
634.88,30.0,23.431918842904597
632.35,30.0,23.42037303441373
611.6,30.0,23.42614593865916
640.74,30.0,23.426146967411732
726.19,30.0,23.43576890313436
688.87,30.0,23.42614593865916
707.98,30.0,23.429995998888927
603.59,30.0,23.43576993188693
643.93,30.0,23.439618963364126
675.48,30.0,23.431918842904597
669.28,30.0,23.431918842904597
656.18,30.0,23.42037303441373
909.09,30.0,23.43576993188693
534.84,30.0,23.429032390781877
722.16,30.0,23.439618963364126
553.85,30.0,23.432882451011643
852.55,30.0,23.425184516651328
687.53,30.0,23.431918842904597
848.7,30.0,23.431918842904597
626.17,30.0,23.439618963364126
836.8,30.0,23.42614593865916
799.4,30.0,23.426146453035447
700.48,30.0,23.42758916472052
750.33,30.0,23.42614593865916
694.58,30.0,23.439618963364126
711.52,30.0,23.426146195847302
782.47,30.0,23.439618963364126
708.09,30.0,23.432882451011643
704.33,30.0,23.427589421908664
835.73,30.0,23.439618963364126
797.49,30.0,23.432882451011643
686.1,30.0,23.429032647970022
609.4,30.0,23.433604192636395
531.55,30.0,23.429514194835402
683.77,30.0,23.430235936460154
679.14,30.0,23.436250707187885
713.67,30.0,23.432882579605714
763.34,30.0,23.430957549490834
681.55,30.0,23.426146195847302
778.28,30.0,23.42686755168984
743.71,30.0,23.433604192636395
793.72,30.0,23.433604192636395
708.79,30.0,23.433604192636395
680.66,30.0,23.42987519424185
575.24,30.0,23.430235872163117
810.25,30.0,23.4315591937359
654.48,30.0,23.43155912943886
784.06,30.0,23.431920064548272
770.89,30.0,23.429875065647778
736.15,30.0,23.431920064548272
616.94,30.0,23.42819106615373
769.02,30.0,23.430596742975496
747.61,30.0,23.430897629395062
731.75,30.0,23.430897629395062
556.67,30.0,23.431077968355694
680.72,30.0,23.429393904564613
598.02,30.0,23.430055533202484
752.03,30.0,23.431258403761884
826.97,30.0,23.429033130197787
717.52,30.0,23.429393904564613
648.52,30.0,23.43155912943886
773.31,30.0,23.43023596860867
605.05,30.0,23.430656968482182
619.38,30.0,23.431078016578475
602.72,30.0,23.430897629395062
701.29,30.0,23.431078016578475
742.27,30.0,23.43098779887538
661.28,30.0,23.43140876660037
619.39,30.0,23.430145766979837
686.94,30.0,23.430145766979837
753.4,30.0,23.430145766979837
627.9,30.0,23.430476517001736
661.08,30.0,23.43098782298677
645.84,30.0,23.430566782927606
827.08,30.0,23.43086749253033
825.04,30.0,23.43094271413522
718.79,30.0,23.430777266790106
693.53,30.0,23.430777266790102
640.2,30.0,23.430476517001736
815.48,30.0,23.430611891779158
804.72,30.0,23.431153197997716
762.2,30.0,23.430777266790102
612.78,30.0,23.430709615568478
788.7,30.0,23.43096523239391
827.69,30.0,23.430965268560996
612.21,30.0,23.43077730295719
629.12,30.0,23.430777266790102
803.24,30.0,23.43096523239391
597.76,30.0,23.43107051049224
748.96,30.0,23.430566782927606
528.15,30.0,23.430777266790102
455.08,30.0,23.43073216999425
675.49,30.0,23.430901340243246
691.17,30.0,23.430566782927606
704.44,30.0,23.430672042942398
780.13,30.0,23.430709615568478
674.84,30.0,23.430901340243246
705.76,30.0,23.43087126767555
877.0,30.0,23.430871249592006
720.01,30.0,23.43074344117929
574.16,30.0,23.430743459262835
635.98,30.0,23.43074344117929
627.41,30.0,23.430807363469192
563.35,30.0,23.43078669159282
835.61,30.0,23.430822390711267
530.06,30.0,23.430790441622015
541.28,30.0,23.43087126767555
768.64,30.0,23.430709615568478
741.84,30.0,23.43078669159282
783.62,30.0,23.43074344117929
545.5,30.0,23.43087126767555
542.4,30.0,23.430901340243246
520.61,30.0,23.430798902545604
581.08,30.0,23.430886303959397
758.37,30.0,23.430798902545604
622.5,30.0,23.430844015918034
724.1,30.0,23.430844015918034
698.38,30.0,23.43083931557237
694.76,30.0,23.430790441622015
689.31,30.0,23.43072652837388
743.54,30.0,23.43074815358065
655.12,30.0,23.430797027531007
729.85,30.0,23.43075848499795
778.55,30.0,23.430844015918034
870.0,30.0,23.430782921973126
768.3,30.0,23.430773528063128
674.73,30.0,23.43072652837388
663.1,30.0,23.430838372790706
650.87,30.0,23.430817228770024
653.53,30.0,23.43079467208381
491.07,30.0,23.430773528063128
610.53,30.0,23.43079373457651
624.85,30.0,23.430771878571953
523.83,30.0,23.430784100073467
657.56,30.0,23.43080877199058
711.51,30.0,23.430750028218505
699.14,30.0,23.430798428894327
726.59,30.0,23.430795378416576
674.64,30.0,23.430798428894327
675.4,30.0,23.430816522437258
625.79,30.0,23.43075848499795
684.65,30.0,23.43072652837388
653.13,30.0,23.43077798932271
600.06,30.0,23.43077129253571
829.09,30.0,23.430816522437258
701.16,30.0,23.430774228556416
706.81,30.0,23.430738278296193
894.29,30.0,23.430798428894327
742.23,30.0,23.430771878571953
735.96,30.0,23.430791264483897
795.25,30.0,23.430771878571953
719.94,30.0,23.43081264721392
587.55,30.0,23.43075813380945
710.06,30.0,23.430774933947333
752.95,30.0,23.430775462755058
532.1,30.0,23.430784626903304
805.72,30.0,23.430774640929208
631.68,30.0,23.430771878571953
652.31,30.0,23.430755078434075
667.65,30.0,23.430792262892936
727.2,30.0,23.430775462755058
696.04,30.0,23.430756253426303
786.57,30.0,23.430783598420135
830.59,30.0,23.430771380356376
624.83,30.0,23.430765006190704
737.49,30.0,23.43077425815962
726.98,30.0,23.430773406259643
617.53,30.0,23.430764065999128
768.84,30.0,23.43078844489812
900.85,30.0,23.430771878571953
653.2,30.0,23.430770440164803
436.32,30.0,23.430774933947333
662.84,30.0,23.43077701929247
682.22,30.0,23.430764536094916
548.26,30.0,23.43077234916221
669.93,30.0,23.430774933947333
621.43,30.0,23.430772819257996
569.81,30.0,23.430772819257996
651.93,30.0,23.430765006190704
599.54,30.0,23.430776255448624
738.66,30.0,23.430767723177752
704.52,30.0,23.43077239330801
608.56,30.0,23.430773663627672
840.87,30.0,23.430774537353308
564.29,30.0,23.430772584210104
769.28,30.0,23.43077234916221
683.41,30.0,23.43076477114281
719.34,30.0,23.43077432437832
652.46,30.0,23.430774302305416
674.69,30.0,23.430773876602665
757.28,30.0,23.430774919275233
647.53,30.0,23.430772606283004
599.54,30.0,23.430772477722606
637.63,30.0,23.430773241442836
536.84,27.257996862865227,24.121129418493698
710.52,30.0,23.430772466686157
681.38,30.0,23.43076856015251
677.33,30.0,23.43076477114281
891.8,30.0,23.430773230406384
630.8,30.0,23.43076856015251
722.23,30.0,23.430773994002998
697.05,30.0,23.43077375174267
780.53,30.0,23.430770518937557
793.22,30.0,23.77595094258993
645.08,30.0,23.77595094258993
686.65,30.0,23.775950948108154
712.1,30.0,23.43076926144274
752.89,30.0,23.43076926144274
649.99,30.0,23.43076477114281
696.03,30.0,23.43077375174267
708.78,30.0,23.430770513419333
669.87,30.0,23.430769006292824
777.07,30.0,23.430767642281072
588.38,30.0,23.43076989019015
656.63,30.0,23.430767016292776
678.97,30.0,23.43076477114281
597.0,30.0,23.430769887431037
684.35,30.0,23.43076989019015
493.12,30.0,23.43076926144274
690.84,30.0,23.430772132581
497.24,30.0,23.430771506592706
506.47,30.0,23.43077137901775
773.34,30.0,23.430769575816445
792.87,30.0,23.43076845186191
729.19,30.0,23.430770698391427
731.1,30.0,23.430769887431037
526.96,30.0,23.43076845186191
636.6,30.0,23.430770384017723
589.86,30.0,23.430769575816445
731.85,30.0,23.430767016292776
745.36,30.0,23.430769575816445
563.19,30.0,23.430767329286923
536.74,30.0,23.43076845186191
542.22,30.0,23.430770384017723
765.12,30.0,23.430770698391427
791.57,30.0,23.43076845186191
574.59,30.0,23.430769575816445
661.41,30.0,23.430767734077342
761.27,30.0,23.430768452551682
497.79,30.0,23.430769575816445
752.72,30.0,23.43076973162374
680.8,30.0,23.43076973162374
530.58,30.0,23.430768452551682
685.45,30.0,23.43076965372009
636.64,30.0,23.430768654946895
682.42,30.0,23.430769014184065
794.44,29.29132735141293,24.62876773931584
807.44,30.0,23.430768654946895
722.26,30.0,23.430769575816445
507.35,30.0,23.430769059047535
734.17,30.0,23.430768654946895
800.14,30.0,23.43076973162374
594.02,30.0,23.43076883456548
664.75,30.0,24.029768197131368
697.92,30.0,24.029768197131368
661.65,30.0,24.029768657566144
747.18,30.0,23.430768856997215
807.43,30.0,23.430769059047535
798.15,30.0,23.430769059047535
794.63,30.0,23.430769059047535
405.96,30.0,23.430768654946895
682.93,29.29132735141293,24.62876773931584
605.81,30.0,24.329267968223604
719.76,30.0,24.029768399181687
609.94,30.0,24.029768427348756
686.19,30.0,24.329267968223604
749.11,30.0,23.730268515848422
791.07,30.0,23.73026842603913
654.69,27.313342295046056,23.454227708655754
595.08,30.0,23.730268515848422
565.93,30.0,23.430768744756186
712.63,30.0,23.73026862808945
759.51,30.0,24.17951819778618
723.12,30.0,24.329267968223604
716.32,30.0,23.580518630302304
646.73,30.0,23.880018527719102
785.71,30.0,23.880018356489895
653.27,30.0,23.730268571968935
814.64,30.0,24.029768399181687
642.38,27.313342295046056,23.454227708655754
769.18,30.0,24.179518183702648
684.3,30.0,24.329267968223604
628.54,30.0,23.592248140312343
712.33,30.0,24.329267968223604
619.97,30.0,23.880018414044244
671.95,30.0,24.329267968223604
704.98,30.0,24.254393083004892
836.03,30.0,23.95489337783579
546.95,30.0,24.329267968223604
704.08,30.0,23.8800184421045
564.88,30.0,24.02976827009627
733.78,30.0,23.667123032572825
507.38,30.0,23.998195500398214
622.1,30.0,23.923320611658617
833.1,25.790734727244676,23.55152491224477
570.48,30.0,23.960758054267973
675.16,30.0,24.329267968223604
598.62,30.0,23.960758054267973
655.73,30.0,24.067205748524568
594.64,30.0,24.179518119159937
789.28,30.0,24.329267968223604
835.09,30.0,24.254393083004892
641.21,30.0,23.75614148325637
673.09,30.0,23.75614148325637
836.74,30.0,24.329267968223604
684.86,30.0,25.701279358363497
833.26,30.0,23.960758054267973
614.41,30.0,24.051419365409277
549.64,30.0,24.070138086713953
712.23,30.0,24.123361933842254
652.59,30.0,23.923320611658617
573.85,30.0,24.329267968223604
565.94,30.0,24.19970302746878
679.97,30.0,23.839731047457494
792.61,30.0,24.728710420809932
520.74,30.0,24.01544807049096
822.78,30.0,24.123361933842254
669.7,30.0,23.85844976876217
661.16,30.0,23.839731047457494
713.38,30.0,23.913139784985162
659.7,30.0,24.01544807049096
513.31,30.0,24.060778726061613
628.74,30.0,23.936948919626566
730.29,30.0,23.936948919626566
751.06,30.0,24.372079245650447
625.22,30.0,24.320925102897547
741.5,30.0,24.372079245650447
619.42,30.0,24.19970302746878
579.26,30.0,23.927589558974226
787.13,30.0,24.01971703746314
757.01,30.0,24.394744573435773
865.56,30.0,24.05642140622697
496.2,30.0,23.936948919626566
719.65,30.0,24.068325973547672
683.14,30.0,24.195898141556793
814.03,30.0,24.372079245650447
733.71,30.0,24.063646293221503
714.86,30.0,23.973653298218682
797.42,30.0,24.16584674653117
675.45,30.0,23.936948919626566
806.32,30.0,23.973653298218682
641.01,30.0,24.372079245650447
684.37,30.0,23.936948919626566
702.06,30.0,24.020989635883176
566.13,30.0,24.066423530591678
738.91,30.0,24.066423530591678
650.26,30.0,24.065986133384587
586.13,30.0,24.00263744658712
715.48,30.0,23.955301108922626
690.97,30.0,24.020989635883176
560.95,30.0,24.069750022374926
665.58,30.0,24.000297606424034
558.43,30.0,24.043706583237427
614.9,30.0,24.010862319757152
694.5,30.0,24.04536982912905
651.31,30.0,24.00146752650558
736.01,30.0,24.033360568507856
695.13,30.0,24.065986133384587
768.52,30.0,24.043706583237427
705.21,30.0,24.001686225109122
722.18,30.0,24.020989635883176
736.98,30.0,24.036193734481024
964.0,30.0,24.04536982912905
543.61,30.0,24.027175102195514
725.82,30.0,24.01752339680849
669.1,30.0,24.033836179246855
721.04,30.0,24.065986133384587
817.58,30.0,24.065986133384587
662.14,30.0,24.04536982912905
537.7,30.0,24.051089933932808
686.96,30.0,24.05567798125682
681.96,30.0,24.038424226570868
750.18,30.0,24.022349249502
629.33,30.0,24.04822988153093
625.25,30.0,24.04658061779005
732.54,30.0,24.065986133384587
723.92,30.0,24.041754765096538
822.12,30.0,24.039603004187953
607.82,30.0,24.030505640721184
695.39,30.0,24.0585380336587
596.1,30.0,24.04658061779005
641.99,30.0,24.050523905192936
802.37,30.0,24.041754765096538
615.41,30.0,24.034464933646024
641.8,30.0,24.04937689336193
742.73,30.0,24.04740524966049
646.3,30.0,24.04452183718994
593.2,30.0,24.03936776112606
839.1,30.0,24.05825501928876
738.33,30.0,24.04822988153093
710.29,30.0,24.03936776112606
610.38,30.0,24.044167691443292
646.44,30.0,24.03691634738604
842.26,30.0,24.03936776112606
576.12,30.0,24.03936776112606
735.3,30.0,24.044372327243995
681.97,30.0,24.04452183718994
687.0,30.0,24.043798821328494
611.0,30.0,24.03936776112606
751.73,30.0,24.044167691443292
783.86,30.0,24.043798821328494
733.06,30.0,24.043386505393272
736.56,30.0,24.041583291227276
798.56,30.0,24.03814205425605
617.57,30.0,24.041870044185025
547.78,30.0,24.04071909228799
778.78,30.0,24.03814205425605
675.97,30.0,24.044344764316616
912.06,30.0,24.044344764316616
718.28,30.0,24.043592663360883
756.62,30.0,24.041583291227276
810.98,30.0,24.043954171291606
690.42,30.0,24.04258797729408
906.97,30.0,24.041583291227276
431.51,30.0,24.03814205425605
665.58,30.0,24.041583291227276
586.69,30.0,24.04414946780411
691.13,30.0,24.042731353772954
696.42,30.0,24.04396871383875
625.66,30.0,24.043592663360883
772.74,30.0,24.03943057327202
665.0,30.0,24.040867358808466
700.14,30.0,24.042731353772954
941.88,30.0,24.04108096352249
634.38,30.0,24.040365015775066
655.38,30.0,24.04396871383875
712.0,30.0,24.04050693224965
673.44,30.0,24.042731353772954
716.2,30.0,24.041511618316452
788.11,30.0,24.04208563426068
691.59,30.0,24.043278345566414
672.57,30.0,24.041511618316452
578.33,30.0,24.04189263890803
562.82,30.0,24.04240849401682
672.29,27.07966074593802,22.949719529830677
762.12,30.0,24.043027174049715
646.9,30.0,24.042121486044703
808.66,30.0,24.042731353772954
637.89,30.0,24.041798626288568
635.89,30.0,24.04182168067074
724.58,30.0,24.041798626288568
775.99,30.0,24.042731353772954
645.77,30.0,24.042007062476365
744.43,30.0,24.041857159789387
836.47,30.0,24.041857159789387
640.22,30.0,24.042007062476365
774.44,30.0,24.042121486044703
572.2,30.0,24.042276517221847
578.86,30.0,23.49575907805962
764.66,30.0,24.042424427360228
690.57,30.0,24.04240849401682
748.63,30.0,18.525377764854923
727.93,30.0,24.042141789849104
820.62,30.0,24.042141789849104
836.04,30.0,21.283617462322155
636.95,30.0,21.010568421457272
929.94,30.0,23.49575907805962
804.55,30.0,21.283617462322155
621.72,30.0,24.04241646068852
648.27,30.0,23.76908378603822
799.13,30.0,24.04240849401682
766.33,30.0,24.042276517221847
644.67,30.0,24.042209153535474
531.08,30.0,24.04227514193296
590.78,30.0,22.526355105653188
704.95,30.0,23.90561278794366
738.1,30.0,22.526355105653188
729.12,30.0,22.52635062418019
728.84,30.0,23.90575012336337
555.5,30.0,23.76908378603822
621.39,30.0,22.52635062418019
681.87,30.0,22.526355105653188
699.86,30.0,23.973910970739567
680.2,30.0,23.21605261450828
703.6,30.0,23.215981706061925
680.8,30.0,23.215983946798424
686.75,30.0,24.042209153535474
719.93,30.0,22.52635062418019
754.15,30.0,23.284315123793075
625.71,30.0,23.215983946798424
535.12,30.0,23.76908378603822
702.88,30.0,23.284312883056575
661.77,30.0,23.2501484149275
733.8,30.0,23.147717205109203
764.71,30.0,23.663261018296026
708.13,30.0,23.21601828065335
590.7,30.0,23.594981792623923
674.99,30.0,23.215983946798424
785.1,30.0,23.76908378603822
716.02,30.0,23.973910970739567
827.07,30.0,23.905646469786845
725.57,30.0,24.042209153535474
744.44,30.0,23.85273508591575
583.37,30.0,23.198932810018352
671.56,30.0,24.00806006213752
543.86,30.0,23.40548286971117
622.97,30.0,23.198932810018352
690.7,30.0,23.50961610048286
619.1,30.0,23.629113717094413
817.87,30.0,23.216001113725888
765.85,30.0,24.00806006213752
703.33,30.0,24.00806006213752
925.27,30.0,23.603496436077936
497.61,30.0,23.629113717094413
715.64,30.0,24.00806006213752
788.11,30.0,23.302207839864764
646.65,30.0,23.603496436077936
608.73,30.0,23.302207839864764
547.97,30.0,24.00806006213752
748.87,30.0,23.302207839864764
683.44,30.0,23.40548286971117
541.01,30.0,23.517298293402792
626.54,30.0,23.65513395100114
655.69,30.0,23.409753066633776
492.63,30.0,23.461390581556984
760.37,30.0,23.302207839864764
664.25,30.0,23.504489652894556
669.9,30.0,23.40548286971117
617.38,30.0,23.65513395100114
793.57,30.0,23.65513395100114
747.35,30.0,23.353845354787968
556.37,30.0,23.5732060052486
694.17,30.0,23.43557182409538
659.0,30.0,23.579811801947848
732.32,30.0,23.538847829071578
799.79,30.0,23.65513395100114
644.99,30.0,23.381799210710874
659.57,30.0,23.489344437479886
645.04,30.0,23.407617968172474
769.72,30.0,23.504489652894556
561.64,30.0,23.558262266279062
666.94,30.0,23.579811801947848
730.6,30.0,23.534578119713867
598.22,30.0,23.49691704518722
657.77,30.0,23.482940117225766
765.96,30.0,23.48080550632936
712.67,30.0,23.569037034113457
739.38,30.0,23.569037034113457
684.2,30.0,23.43557182409538
775.57,30.0,23.579811801947848
670.27,30.0,23.538847829071578
689.33,30.0,23.514096133275732
761.97,30.0,23.497450819802545
478.22,30.0,23.4662444346413
626.32,30.0,23.52492127022141
523.86,30.0,23.505506589231477
817.97,30.0,23.48992858120649
641.48,30.0,23.498518125250747
716.34,30.0,23.553942431592517
692.46,30.0,23.53297703965034
620.49,30.0,23.553942431592517
540.53,30.0,23.553942431592517
737.27,30.0,23.48587551193639
674.4,30.0,23.510093433116907
805.38,30.0,23.52569662569753
710.54,30.0,23.526230278421632
736.76,30.0,23.481847627221924
735.86,30.0,23.539431850906965
642.77,30.0,23.52569662569753
799.37,30.0,23.502012357241114
604.02,30.0,23.553942431592517
756.2,30.0,23.539431850906965
558.57,30.0,23.52569662569753
770.67,30.0,23.5328310646643
732.3,30.0,23.539431850906965
706.63,30.0,23.5328310646643
606.37,30.0,23.54668714124974
720.16,30.0,23.502012357241114
695.84,30.0,23.54668714124974
608.19,30.0,23.483861569579155
701.45,30.0,23.524762642011936
598.5,29.518716670652843,21.802930704561174
703.91,30.0,22.667880884612735
734.83,30.0,23.528796853338118
552.96,30.0,23.529263845180914
744.54,30.0,23.536191883473634
684.39,30.0,23.525229633854735
738.09,30.0,23.515274355414448
734.02,30.0,22.652471530901146
770.46,30.0,22.643396137070162
715.84,30.0,22.663846673286557
583.71,30.0,23.536131457785633
837.69,30.0,23.532464155561875
663.41,30.0,22.65815910209385
667.25,30.0,23.522035604376285
720.99,30.0,23.098572364896825
604.61,30.0,23.532727864327274
713.38,30.0,23.096555259233735
545.96,30.0,23.529263845180914
674.86,30.0,22.665863778949646
612.34,30.0,23.096555259233735
753.81,30.0,22.652471530901146
978.91,30.0,22.88120951909169
610.67,30.0,22.88120951909169
727.39,30.0,22.882218071923234
770.54,30.0,23.096555259233735
538.43,30.0,23.312909552207323
631.3,30.0,23.09756381206528
681.88,30.0,23.096555259233735
542.53,30.0,23.093949691662964
715.63,30.0,23.529263845180914
548.99,30.0,23.309295431805012
603.98,30.0,22.882218071923234
758.38,30.0,23.204732405720527
806.17,30.0,22.88120951909169
635.3,30.0,23.312909552207323
613.8,30.0,23.09525247544835
589.0,30.0,22.88120951909169
602.89,30.0,23.096555259233735
790.92,30.0,23.203429621935143
717.52,30.0,23.309295431805012
701.23,30.0,23.205236682136302
655.78,30.0,23.09525247544835
774.89,30.0,23.042319570513417
680.0,30.0,23.043727377029768
667.62,30.0,23.096555259233735
750.35,30.0,23.09525247544835
639.45,30.0,23.258820978963925
754.45,30.0,23.096555259233735
726.86,30.0,22.989386665578486
658.56,30.0,23.095756751864123
661.65,30.0,23.043223100613996
716.15,30.0,23.09525247544835
567.23,30.0,23.096555259233735
695.91,30.0,23.124103822271206
712.24,30.0,23.09525247544835
705.28,30.0,23.070141318131753
706.49,30.0,23.177036727206136
666.04,30.0,23.042571708721304
656.68,30.0,23.096156005548927
580.92,30.0,23.09550461365624
554.78,30.0,23.09525247544835
575.4,30.0,23.096156005548927
680.83,30.0,23.097122570201478
702.58,30.0,23.042571708721304
767.01,30.0,23.069563483977518
663.58,30.0,23.09525247544835
580.22,30.0,23.095903867341043
797.54,30.0,23.10967814885978
543.68,30.0,23.09550461365624
670.75,30.0,23.11032954075247
649.12,30.0,23.095378544552297
732.57,30.0,23.095767275050612
710.84,30.0,23.096187522824913
726.27,30.0,23.09631359192886
601.47,30.0,23.102854042652382
621.66,30.0,23.09570424049864
707.61,30.0,23.11032954075247
813.16,30.0,23.082471014264907
680.09,30.0,23.09570424049864
699.59,30.0,23.08253404881688
682.52,30.0,23.103726055476976
559.28,30.0,23.099956789150944
723.26,30.0,23.09971514798781
869.66,30.0,23.099310658851497
680.41,30.0,23.102854042652382
939.43,30.0,23.09570424049864
752.88,30.0,23.106591791702428
648.6,30.0,23.09971514798781
703.96,30.0,23.09927914157551
704.26,30.0,23.092694045734632
658.41,30.0,23.09570424049864
656.36,30.0,23.099497144781658
685.91,30.0,23.099294900213504
659.4,30.0,23.099497144781658
639.78,30.0,23.101066592113945
624.79,30.0,23.097709694243225
604.03,30.0,23.102854042652382
791.89,30.0,23.096325417442788
621.61,30.0,23.09971514798781
784.81,30.0,23.10295122527696
521.21,30.0,23.099497144781658
657.78,30.0,23.098603419512443
722.93,30.0,23.100390870050877
603.9,30.0,23.10117559371702
704.57,30.0,23.098603419512443
705.47,30.0,23.099606146384733
621.63,30.0,23.100180746163723
687.67,30.0,23.099388143178587
603.46,30.0,23.10122418502931
556.81,30.0,23.1002818684478
814.22,30.0,23.100390870050877
719.63,30.0,23.100753026738555
807.16,30.0,23.100678169940373
680.29,30.0,23.1002858081073
721.23,30.0,23.099104782948586
769.08,30.0,23.099388143178587
667.57,30.0,23.099442643980122
841.13,30.0,23.099913802270876
725.38,30.0,23.09988950661473
754.73,30.0,23.098603419512443
748.08,30.0,23.10033636924934
573.03,30.0,23.10031108867832
437.56,30.0,23.1002858081073
732.24,28.969470933790408,26.163505124227314
668.41,30.0,23.099246463063587
661.0,30.0,23.099442643980122
756.83,30.0,23.099104782948586
722.67,30.0,23.10003315655948
660.58,30.0,23.100321266676644
824.5,30.0,23.100321266676644
662.9,30.0,23.10051941742293
789.94,30.0,23.099344553521853
605.27,30.0,23.099778775870952
912.96,30.0,23.1001721226189
724.64,30.0,23.099864226043714
651.04,30.0,23.10017721161806
876.01,30.0,23.09981210018576
534.06,30.0,23.10051941742293
570.37,30.0,23.099442643980122
726.58,30.0,23.099273713464356
671.42,30.0,23.099695295527944
558.58,30.0,23.09956896975403
631.52,30.0,23.099610709925535
749.15,30.0,23.100020718830887
575.82,30.0,23.100191821733322
578.01,30.0,23.100020718830887
619.36,30.0,23.099821500957333
776.43,30.0,23.099821500957333
812.92,30.0,23.099795438028355
809.47,30.0,23.099568969754035
595.37,30.0,23.10051941742293
582.93,30.0,23.100191821733322
716.84,30.0,23.100355619578124
639.98,30.0,23.10017045919013
656.41,30.0,23.10027006812691
587.92,30.0,23.099821500957333
749.88,30.0,23.099695235355682
539.53,30.0,23.09979484429246
691.12,30.0,23.10027006812691
805.0,30.0,23.100020718830887
629.46,30.0,23.09956896975403
669.91,30.0,23.09986971447208
537.84,30.0,23.10017045919013
703.51,30.0,23.09999333301289
606.19,30.0,23.09991951894047
640.07,30.0,23.100312843852517
668.51,30.0,23.100191821733322
616.67,30.0,23.099932847272907
694.66,30.0,23.100191821733322
579.58,30.0,23.099695235355682
697.72,30.0,23.10018114046173
703.87,30.0,23.10018114046173
627.97,30.0,23.100051653231517
711.48,30.0,23.1000307681027
688.51,30.0,23.100050329701098
655.17,30.0,23.100186481097523
646.39,30.0,23.100044989065303
817.27,30.0,23.1000307681027
649.51,30.0,23.100312843852517
692.64,30.0,23.099901280872494
640.78,30.0,23.10025233279292
676.49,30.0,23.10018114046173
717.57,30.0,23.100246992157125
700.97,30.0,23.10015199301222
611.91,30.0,23.0999731349689
662.77,30.0,23.100249662475022
527.91,30.0,23.100115735081413
735.85,30.0,23.1000405489019
730.0,30.0,23.100116396846623
865.37,30.0,23.100181586776806
580.16,30.0,23.10018224854202
773.14,30.0,23.10018114046173
643.69,30.0,23.10011006356301
859.35,30.0,23.100133864046818
704.67,30.0,23.10016712077712
500.64,30.0,23.100215401468375
703.87,30.0,23.10011139872196
656.98,30.0,23.100214066309427
575.7,30.0,23.10019949258467
622.59,30.0,23.100110844681815
725.9,30.0,23.1000068419354
768.36,30.0,23.10016206493622
716.62,30.0,23.10013925974954
770.1,30.0,23.10019949258467
579.65,30.0,23.10005912032868
709.36,30.0,23.10013898272947
693.85,30.0,23.100111121701886
760.34,30.0,23.100138592170065
632.36,30.0,23.10014560201237
784.09,30.0,23.100154778073843
593.24,30.0,23.100197603385578
665.46,30.0,23.10009919003911
617.74,30.0,23.10014229237092
735.3,30.0,23.10016809777782
671.42,30.0,23.100153833474295
736.74,30.0,23.10005912032868
636.88,30.0,23.10016829305752
611.49,30.0,23.10012836185713
547.99,30.0,23.100125052215677
652.89,30.0,23.100142430880954
806.25,30.0,23.10015066234288
719.6,30.0,23.100126511756702
787.68,30.0,23.10014657499675
714.49,30.0,23.100148229817478
650.31,30.0,23.100093741092905
536.26,30.0,23.100112121127395
744.03,30.0,23.100112121127395
582.63,30.0,23.100133741548316
569.73,30.0,23.100142430880954
645.18,30.0,23.100135327114025
591.03,30.0,23.1001007063498
705.26,30.0,23.100138086214635
680.34,30.0,23.100130919435365
775.43,30.0,23.10013453433117
738.02,30.0,23.100122931337857
698.36,30.0,23.1001409856829
590.15,30.0,23.10012372412071
857.26,29.30170032286237,21.24971535949247
671.06,30.0,23.100118085986928
606.48,30.0,23.100134471318828
594.25,30.0,23.100118016731912
605.03,30.0,23.10013772850086
758.38,30.0,23.1001326953771
672.95,30.0,23.10012692538661
640.98,30.0,23.100129535834913
674.91,30.0,23.10012627865288
649.59,30.0,23.100129535834913
656.54,30.0,23.10012372412071
643.58,30.0,23.1001363102729
700.12,30.0,23.100130508776246
555.74,30.0,23.10012627553154
783.51,30.0,23.10012692538661
589.4,30.0,23.100130726310788
708.64,30.0,23.10013129290222
617.16,30.0,23.10013129290222
627.09,30.0,23.100130017196804
723.22,30.0,23.100132923053906
773.07,30.0,23.100127907243895
779.22,30.0,23.100124999826125
884.28,30.0,23.10013200357687
649.83,30.0,23.100133409524574
545.86,30.0,23.100130371753796
757.54,30.0,23.100127416315253
664.32,30.0,23.100132351213396
562.95,30.0,23.100127508511463
668.78,30.0,23.100132923053906
782.54,30.0,23.10012992422026
719.77,30.0,23.100131824682347
733.47,30.0,23.100131009606503
731.26,30.0,23.10013065504951
759.98,30.0,23.10012645353501
809.15,30.0,23.100131009606503
601.6,30.0,23.100129081780487
732.24,30.0,23.10013178905171
614.16,30.0,23.100131009606503
806.97,30.0,23.100132373868128
757.03,30.0,23.10013263713365
768.42,30.0,23.100131009606503
612.7,30.0,23.100128940132628
667.89,30.0,23.100127462413358
579.77,30.0,23.100129081780487
689.86,30.0,23.100131009606503
665.07,30.0,23.100130045693497
701.92,30.0,23.100130364592168
618.84,30.0,23.100128201272994
741.7,30.0,23.100130045693497
700.3,30.0,23.100131691737317
812.69,30.0,23.100130049773504
883.38,30.0,23.10013178905171
808.15,30.0,23.100130859457067
705.4,30.0,23.100131691737317
726.23,28.088949230342525,19.955564490816
587.26,30.0,23.100131028164743
583.6,30.0,23.10013135067191
709.14,30.0,23.100131691737317
859.72,30.0,23.100131028164743
661.02,30.0,23.100130045693497
576.81,30.0,23.100129605439747
787.77,30.0,23.100130045693497
533.93,30.0,23.100129123483246
561.05,30.0,23.10012928293258
703.14,28.088949230342525,19.955564490816
694.87,30.0,23.100131028164743
683.08,30.0,23.100129664313037
646.7,30.0,23.100129364461495
723.65,30.0,21.527847048127875
866.78,30.0,23.100129203207914
860.63,30.0,23.100131028164743
621.03,30.0,23.100130045693497
654.88,30.0,23.100129664313037
795.85,30.0,26.400413338504542
650.52,30.0,23.10013053692912
758.33,30.0,22.313988356220456
607.49,30.0,23.100129855003267
624.59,30.0,24.750272183334644
595.51,30.0,23.100130045693497
693.68,30.0,23.100129664313037
654.68,30.0,24.75027150140879
666.2,30.0,23.100130346238892
641.22,30.0,23.100129855003267
875.91,30.0,23.100129855003267
793.98,30.0,23.100130045693497
745.8,30.0,23.100129855003267
650.4,30.0,23.100129664313037
781.73,30.0,24.75027150140879
739.43,25.159584509804624,30.07390594439905
743.83,30.0,23.925201019168956
766.3,30.0,23.100130441584007
699.74,30.0,23.925200773551143
759.04,30.0,23.925200773551143
719.42,30.0,23.92520092382384
801.81,30.0,23.925201019168956
708.43,30.0,23.925201019168956
556.35,30.0,26.58701789970116
657.17,30.0,26.587017804356044
555.3,30.0,26.999553481784005
678.4,30.0,24.337736212616313
744.86,30.0,23.512665341741
624.53,30.0,23.100130052948522
822.61,30.0,26.58701789970116
623.25,30.0,26.9995533589751
855.63,30.0,26.999553420379552
689.53,30.0,24.843573928652283
580.65,30.0,25.04984170596181
658.65,30.0,25.46237700848618
744.35,30.0,25.46237718907203
674.56,30.0,23.718933180454975
733.51,30.0,26.999553420379552
747.61,30.0,25.049841767366264
576.54,30.0,25.46237718907203
647.03,30.0,26.793285643070025
721.94,30.0,25.152975558862156
696.82,30.0,24.946707848009275
658.39,30.0,25.15297546856923
620.15,30.0,26.230965304725792
490.1,30.0,26.024697563170683
687.27,30.0,25.46237718907203
902.81,30.0,25.462377098779104
728.8,30.0,25.46237700848618
536.96,30.0,25.46237700848618
688.58,30.0,23.718933180454975
627.2,30.0,25.846671156605986
546.94,30.0,24.87181537181283
742.19,30.0,24.435954369658567
669.75,30.0,25.58883656101642
636.9,30.0,24.590655094470577
785.04,30.0,24.332820514232125
589.24,30.0,25.462377098779104
680.58,30.0,25.588836576367534
700.72,30.0,25.30767632882063
748.08,30.0,25.588836576367534
633.28,30.0,25.588836568691978
729.66,30.0,25.0897458277435
508.96,30.0,25.23032597409018
736.82,30.0,25.71775386648676
669.68,30.0,25.846671156605986
543.96,30.0,25.52560683757332
602.81,30.0,24.513304732064572
583.29,30.0,25.23032597409018
703.86,30.0,24.87181537181283
763.25,30.0,25.385026713799867
695.43,30.0,25.686138997089653
745.97,30.0,25.23032597409018
731.35,30.0,25.23032597409018
613.66,30.0,24.871815353077377
629.12,30.0,24.871815353077377
724.63,30.0,25.198711104693075
695.49,30.0,25.23032597409018
764.09,30.0,25.115529299275664
839.94,30.0,25.538498565348085
594.51,30.0,25.782212511546373
646.23,30.0,24.993672326176522
459.11,30.0,25.40083414818266
691.24,30.0,25.506269242818277
872.15,30.0,25.782212511546373
736.46,30.0,25.15712020198437
636.42,30.0,25.686138997089653
670.26,30.0,25.23032597409018
735.98,30.0,25.035263228885228
697.37,30.0,25.05107066358378
792.43,30.0,24.871815353077377
535.32,30.0,25.193723088037274
752.87,30.0,25.23032597409018
811.54,30.0,25.132794601487703
688.58,30.0,25.368604830336714
592.16,30.0,25.043166946234503
610.43,30.0,25.278977175083515
654.91,30.0,25.193723088037274
764.45,30.0,25.2499707844974
668.24,30.0,25.043166946234503
655.04,30.0,25.33990566163309
747.08,30.0,25.16107206065901
779.92,30.0,25.043166946234503
640.43,30.0,25.193723088037274
584.33,30.0,25.14656886536595
641.42,30.0,25.368604830336714
689.84,30.0,25.14656886536595
607.24,30.0,25.136746460162342
523.87,30.0,25.11844501713589
633.17,30.0,25.11844501713589
677.69,30.0,25.193723088037274
645.64,30.0,25.243524923736302
682.82,30.0,25.136746460162342
710.2,30.0,25.243524923736302
627.4,30.0,25.136746460162342
663.66,30.0,25.141657662764146
681.7,30.0,25.264838445497862
800.27,30.0,25.170145976701612
770.17,30.0,25.368604830336714
768.55,30.0,25.13975853889745
671.37,30.0,22.902177950904843
841.34,30.0,25.190135691949322
755.47,30.0,25.25418168461708
774.76,30.0,24.13539139062078
660.35,30.0,25.25418168461708
875.19,30.0,25.136746460162342
558.28,30.0,25.202298492197656
477.42,30.0,25.2007924528301
751.13,30.0,25.1407081008308
753.48,30.0,25.30606487703651
654.01,30.0,24.019462205533593
691.72,30.0,24.604798948741458
686.14,30.0,24.720728133828644
715.62,30.0,24.720728133828644
845.22,30.0,25.19621709207349
681.67,30.0,25.22748706872359
820.14,30.0,25.201545472513878
585.81,30.0,24.636821945075337
734.06,30.0,25.1407081008308
608.11,30.0,25.2221586882832
755.29,30.0,25.228240088407368
760.54,30.0,25.214516270618734
702.45,30.0,24.678775039451992
495.91,30.0,24.93253101674135
625.23,30.0,24.974107601276117
670.45,30.0,25.17112678667234
694.72,30.0,25.184097584777195
758.09,30.0,24.92949031667927
694.37,30.0,24.974107601276117
629.74,30.0,24.974107601276117
705.0,30.0,24.974484111118006
718.91,30.0,24.93143631211459
706.33,30.0,24.93143631211459
637.01,30.0,25.072617193974228
705.01,30.0,24.953319309008734
593.29,30.0,25.051828901706845
677.76,30.0,25.184097584777195
743.44,30.0,25.184097584777195
752.86,30.0,25.072617193974228
718.46,30.0,24.974107601276117
671.49,30.0,24.974107601276117
577.81,30.0,24.974107601276117
730.08,30.0,24.952771956695354
615.56,30.0,25.02336239762517
569.07,30.0,25.11796324324202
753.97,30.0,24.963713455142425
868.31,30.0,25.057766948445895
561.43,30.0,24.963713455142425
745.59,30.0,24.952771956695354
542.42,30.0,24.99163260691072
826.63,30.0,25.02336239762517
759.28,30.0,24.972202281803035
645.14,30.0,25.035367599968687
653.75,30.0,24.952771956695354
709.74,30.0,24.963439778985737
706.24,30.0,25.035367599968687
796.06,30.0,24.977673031026573
603.85,30.0,25.04083834919222
564.13,30.0,25.007497502267945
635.69,30.0,24.952771956695354
519.61,30.0,25.046035422259067
731.82,30.0,24.99406977833202
747.71,30.0,24.952771956695354
820.98,30.0,25.00378494088586
674.3,30.0,24.999403689477212
586.31,30.0,25.040701511113877
765.05,30.0,24.958105867840544
561.58,30.0,25.024167925730083
643.86,30.0,24.962487119249197
666.61,30.0,24.99406977833202
779.34,30.0,20.230790403448285
789.18,30.0,24.978278448790608
674.93,30.0,24.978278448790608
714.69,30.0,24.978278448790608
646.52,30.0,25.011785807603648
722.58,30.0,22.627479164589182
655.28,30.0,24.978278448790608
676.82,30.0,24.97608782308628
644.22,30.0,22.63574595728108
717.18,30.0,24.97342086751369
639.65,30.0,24.999403689477212
838.79,30.0,24.977183135938446
684.9,30.0,23.823765882442366
651.82,30.0,23.801783493837732
674.13,29.312950328205858,23.60154484407164
693.31,30.0,24.977183135938446
795.42,30.0,23.801783493837732
585.89,30.0,24.97342086751369
690.85,30.0,24.97342086751369
589.72,30.0,23.801783493837732
744.63,30.0,24.98641227849545
534.97,29.312950328205858,23.60154484407164
673.54,30.0,23.81277468814005
635.14,30.0,24.97342086751369
764.85,30.0,24.38760218067571
593.51,30.0,24.38948331488809
797.35,30.0,23.81277468814005
628.31,30.0,23.801783493837732
610.1,30.0,24.287482855792664
780.61,30.0,23.801783493837732
698.57,30.0,24.38760218067571
641.92,30.0,24.094692837256723
666.19,30.0,24.094692837256723
814.97,30.0,24.044633174815196
600.47,30.0,23.801783493837732
696.94,30.0,24.094692837256723
651.54,30.0,24.094692837256723
553.45,30.0,24.09563340436291
572.2,30.0,24.337542518234187
633.39,30.0,23.994573512373677
696.5,30.0,24.97342086751369
814.95,30.0,24.094692837256723
834.15,30.0,24.0446331748152
535.25,30.0,24.094692837256723
836.06,30.0,24.094692837256723
885.52,30.0,24.094692837256723
533.44,30.0,24.095163120809815
793.29,30.0,24.38760218067571
774.5,30.0,24.483997189943683
692.22,30.0,24.094692837256723
752.46,30.0,24.0446331748152
718.46,30.0,24.289345013600204
707.31,30.0,24.289345013600204
562.95,30.0,24.094692837256723
694.05,30.0,24.094692837256723
675.87,30.0,24.06966300603596
723.85,30.0,24.094692837256723
766.39,30.0,24.241147508966215
513.69,30.0,24.094692837256723
751.67,30.0,24.241147508966215
642.98,30.0,24.09492797903327
743.46,30.0,24.192018925428464
780.54,30.0,24.26524626128321
607.34,30.0,24.094692837256723
705.16,30.0,24.289345013600204
772.08,30.0,24.16792017311147
876.39,30.0,24.094692837256723
532.63,30.0,24.192018925428464
737.44,30.0,24.16792017311147
639.32,30.0,24.192018925428464
709.16,30.0,24.192136496316735
614.75,30.0,24.131306505184096
681.76,30.0,24.1920777108726
782.91,30.0,24.192018925428464
709.62,30.0,24.192018925428464
584.95,30.0,24.192018925428464
599.83,30.0,24.1920777108726
666.76,30.0,24.179969549269966
684.38,30.0,24.228691378799972
699.33,30.0,24.24074075495847
747.34,30.0,24.228632593355837
674.69,30.0,24.192018925428464
621.74,30.0,24.216409232915534
801.78,30.0,24.21032575939215
671.2,30.0,24.192018925428464
808.81,30.0,24.179969549269966
640.26,30.0,24.1920777108726
558.9,30.0,24.210384544836288
843.58,30.0,24.179969549269966
807.38,30.0,24.24074075495847
646.1,30.0,24.179969549269966
552.08,30.0,24.185994237349213
660.18,27.137088984534138,23.264112391329576
736.66,30.0,24.216409232915534
674.44,30.0,24.192018925428464
808.42,30.0,24.225562649897377
770.28,30.0,24.228574993937002
638.79,30.0,24.19514765433106
687.24,30.0,24.21637984019347
672.7,30.0,24.210384544836288
701.61,30.0,24.204214079171997
695.78,30.0,24.204214079171997
815.05,30.0,24.213382192514878
844.82,30.0,24.210311656043764
646.91,30.0,24.216394536554503
725.2,30.0,24.185994237349213
546.96,30.0,24.202766099583673
656.83,30.0,24.216394536554503
527.17,30.0,24.19811650230023
572.74,30.0,24.19818939109275
483.93,30.0,24.207284615643108
655.38,30.0,24.210333404078995
656.19,30.0,24.211839576098804
754.39,30.0,24.192055369824722
613.05,30.0,24.209580318069087
659.32,30.0,24.209580318069087
717.8,30.0,24.207255519427367
611.44,30.0,24.196639426496162
799.14,30.0,24.194380168466445
638.13,30.0,24.185994237349213
646.36,30.0,24.216394536554503
618.81,30.0,24.206516981525333
513.38,30.0,24.204239501297483
520.1,30.0,24.185994237349213
604.73,30.0,24.20995686107404
689.04,30.0,24.209580318069087
642.02,30.0,24.214117056326653
688.84,30.0,24.209547547763087
806.42,30.0,24.209580318069087
627.53,30.0,24.20995686107404
483.44,30.0,24.198163820714104
622.96,30.0,24.20005564683793
723.48,30.0,24.20614043852038
642.03,30.0,24.209768589571564
582.04,30.0,24.20804864979721
768.77,30.0,24.207098181185764
775.5,30.0,24.208236921299687
685.72,30.0,24.20005564683793
622.51,30.0,24.20005564683793
848.83,30.0,24.19778727770915
631.33,30.0,24.206893524530287
701.99,30.0,24.203576914011848
923.6,30.0,24.20005564683793
675.32,30.0,24.204052148317572
701.53,30.0,24.204052148317572
632.53,30.0,24.204052148317572
647.58,30.0,24.209002755435627
753.86,30.0,24.207094544158792
697.92,30.0,24.209002755435627
648.93,30.0,24.20005564683793
629.29,30.0,24.207094544158792
683.98,30.0,24.205573346238182
611.03,30.0,24.209002755435627
698.02,30.0,24.20533572908532
517.65,30.0,24.203575095498362
736.12,30.0,24.205573346238182
716.74,30.0,24.207094544158792
694.67,30.0,24.207094544158792
671.59,30.0,24.20181628042489
517.51,30.0,24.20804864979721
680.41,30.0,24.20804864979721
573.41,30.0,24.207571596978
643.14,30.0,24.207169242260473
598.58,30.0,24.206810998017694
738.0,30.0,24.203576004755107
784.52,30.0,24.207571596978
872.0,30.0,24.207571596978
689.39,30.0,24.206810998017694
645.76,30.0,24.205811872647786
740.94,30.0,24.205573346238182
800.11,30.0,24.206810998017694
642.7,30.0,24.2051935013864
598.24,30.0,24.205811872647786
633.94,30.0,24.203576004755107
772.18,30.0,24.20657247160809
760.47,30.0,24.204693938701446
666.95,30.0,24.20657247160809
724.12,30.0,24.207370419619238
692.31,30.0,24.206990120139082
708.22,30.0,24.20657247160809
722.42,30.0,24.20649055745413
625.25,30.0,24.205842029420268
670.94,30.0,24.20619217212794
595.36,30.0,24.205502687017095
693.46,30.0,24.20657247160809
688.61,30.0,24.205882986497244
636.68,30.0,24.206091810762743
771.2,30.0,24.204693938701446
654.24,30.0,24.206971445613664
680.72,30.0,24.20649055745413
636.94,30.0,24.205882986497244
591.4,30.0,24.206427216055452
836.39,30.0,24.2061662934372
606.33,30.0,24.20567235821868
668.23,30.0,24.2065818088708
624.18,30.0,24.206427216055452
736.79,30.0,24.206037579312593
875.88,30.0,24.20623706631538
621.65,30.0,24.206141991445342
654.15,30.0,24.20649055745413
665.66,30.0,24.20567235821868
656.6,30.0,24.206316274449737
715.63,30.0,24.205907174832014
705.26,30.0,24.206536183162466
593.93,30.0,24.20604978713707
820.3,30.0,24.206458886754792
563.87,30.0,24.20567235821868
677.89,30.0,24.206328425445665
881.71,30.0,24.206296754746326
900.74,30.0,24.20567235821868
607.44,30.0,24.206127083544743
672.56,30.0,24.206536183162466
728.62,30.0,24.20578976652535
760.75,30.0,24.206183030793404
690.1,30.0,24.206296754746326
733.12,30.0,24.206183030793404
721.13,30.0,24.20639365610023
686.39,30.0,24.206312590095997
730.06,30.0,24.20604978713707
653.08,30.0,24.20604978713707
684.23,30.0,24.2064262288061
799.74,30.0,24.206221721618647
782.39,30.0,24.206409942453163
744.57,30.0,24.206162974843906
680.52,30.0,24.206173270941697
781.61,30.0,24.205986398659377
670.8,30.0,24.206409942453163
491.46,30.0,24.20642438662923
696.98,30.0,24.206221721618647
731.22,30.0,24.206409942453163
823.86,30.0,24.206051178310673
693.61,30.0,24.206205392644303
668.9,30.0,24.206409942453163
653.48,30.0,24.206409942453163
696.52,30.0,24.20629160669743
726.87,30.0,24.206315832035905
699.07,30.0,24.206409942453163
709.71,30.0,24.206315832035905
743.54,30.0,24.206409942453163
648.66,30.0,24.206286458648535
678.63,30.0,24.205986398659377
567.36,30.0,24.20630114534222
753.05,30.0,24.20624592564642
626.99,30.0,24.206289032672984
802.82,30.0,24.206307667548735
652.9,30.0,24.206307667548735
643.92,30.0,24.206095895651842
612.78,30.0,24.20619817055627
638.32,30.0,24.2063507745753
677.22,30.0,24.206307667548735
691.61,30.0,24.206362887244534
739.23,30.0,24.20627353549432
790.44,30.0,24.206356830909918
731.01,30.0,24.20622333511357
671.79,30.0,24.206332016293377
727.97,30.0,24.206198520497033
609.6,30.0,24.206249657949243
693.43,30.0,24.20617091064913
537.07,30.0,24.206198520497033
782.98,30.0,24.206304406445476
795.58,30.0,24.206243601614627
696.14,30.0,24.206251463471254
591.0,30.0,24.20627353549432
662.26,30.0,24.20626159672178
726.33,30.0,24.206224089223138
652.33,30.0,24.206332016293377
791.48,30.0,24.206277675703475
818.45,30.0,24.206290083011744
491.27,30.0,24.20618471557308
700.63,30.0,24.20621028429919
792.54,30.0,24.20622333511357
744.32,30.0,24.206243980001332
632.16,30.0,24.206278052758258
733.68,30.0,24.206250505408523
795.6,30.0,24.206197499936135
597.02,30.0,24.206262499482786
560.47,30.0,24.206231195638278
816.61,30.0,24.206250505408523
597.43,30.0,24.206237776347194
638.1,30.0,24.20626756610805
592.53,30.0,24.206242465917676
580.85,30.0,24.206243222959504
752.71,30.0,24.206256502445655
742.9,30.0,24.20625248270023
548.87,30.0,24.206240121132435
776.85,30.0,24.206246847560532
787.62,30.0,24.206242465917676
667.53,30.0,24.206237587819807
610.71,30.0,24.206237587819807
618.35,30.0,24.206236830777975
669.88,30.0,24.206278052758258
759.97,30.0,24.20624002686874
580.55,30.0,24.20624704513273
721.13,30.0,24.20624966513038
659.14,30.0,24.206244656739102
734.68,30.0,24.206265267729243
812.24,30.0,24.206245035260018
770.75,30.0,24.206257820289032
760.98,30.0,24.20624630191633
575.86,30.0,24.20623720929889
586.91,30.0,24.206240405389657
650.65,30.0,24.20625746642981
684.92,30.0,24.206253742709706
631.67,30.0,24.206238618083816
605.09,30.0,24.20624175560761
646.39,30.0,24.206243437214635
773.94,30.0,24.206253742709706
574.64,30.0,24.206265267729243
734.88,30.0,24.099715567243997
690.25,30.0,24.206243437214635
564.42,30.0,24.206253742709706
624.05,30.0,24.20625194290653
746.14,30.0,24.206248042256814
526.7,30.0,24.20625194290653
646.24,30.0,24.206248589962172
700.21,30.0,24.206248589962172
673.38,30.0,24.206253742709706
645.05,30.0,24.206254352471937
567.27,30.0,24.206259505219474
525.29,30.0,24.206243437214635
707.82,30.0,24.206253742709706
630.19,30.0,24.206248589962172
749.51,30.0,24.206256928845704
701.07,30.0,24.20625116633594
668.83,30.0,24.206250266434353
722.74,30.0,24.20625116633594
844.08,30.0,24.206250266434353
616.74,30.0,24.206251471217055
722.91,30.0,24.206255724063002
666.85,30.0,24.20625116633594
602.86,30.0,24.20625314768923
508.55,30.0,24.206249878149055
725.09,30.0,24.206250716385146
745.1,30.0,24.206252157012585
721.43,30.0,24.20625420003138
675.92,30.0,24.206251707061792
504.66,30.0,24.20625116633594
607.41,30.0,24.206252759403938
586.72,30.0,24.20625116633594
763.95,30.0,24.20625116633594
754.66,30.0,24.206252157012585
685.8,30.0,24.206251436698864
790.21,30.0,24.206251436698864
734.42,30.0,24.206251661674262
771.87,30.0,24.206250792605424
684.48,30.0,24.2062502972671
670.21,30.0,24.206251661674262
618.51,30.0,24.206251707061792
767.31,30.0,24.206250941360544
590.93,30.0,24.206250941360544
744.75,30.0,24.206250792605424
713.61,30.0,24.206251661674262
788.21,30.0,24.206251189029704
680.73,30.0,24.206251189029704
668.99,30.0,24.206251227139845
689.89,30.0,24.20625097947068
651.92,30.0,24.206250792605424
637.02,30.0,24.206250866982984
666.42,30.0,24.20625154918656
615.88,30.0,24.20625157188033
786.76,30.0,24.206251227139845
561.59,30.0,24.206251399510087
547.99,30.0,24.206251047061414
803.5,30.0,24.20625108425019
675.79,30.0,24.20625136910813
607.32,30.0,24.206251380455015
742.26,30.0,24.206251047061414
581.89,30.0,24.206250792605424
804.33,30.0,24.206250923226833
724.58,30.0,24.206251616777294
609.79,30.0,24.206251399510087
761.7,30.0,24.20625138998255
684.07,30.0,24.206251065655803
761.69,30.0,24.206251498616155
708.78,30.0,24.206251616777294
636.96,30.0,24.20625122328575
714.02,30.0,24.206251047061414
695.53,30.0,24.206251047061414
689.54,30.0,24.20625122328575
760.26,30.0,24.206251213758215
689.5,30.0,24.206250938427807
805.36,30.0,24.206251047061414
736.8,30.0,24.206251130409814
739.44,30.0,24.206251616777294
774.98,30.0,24.206251047061414
658.09,30.0,24.20625099274461
696.79,30.0,24.20625099274461
780.55,30.0,24.206251144470777
647.71,30.0,24.206251356187185
619.08,30.0,24.206251130409814
776.36,30.0,24.20625108085678
838.43,30.0,24.206251095766095
738.63,30.0,24.206251380624035
631.53,30.0,24.206251130409814
643.88,30.0,24.206251137440297
657.41,30.0,24.20625099274461
758.31,30.0,24.206251130409814
708.17,30.0,24.20625099274461
660.8,30.0,24.206251061577213
718.38,30.0,24.2062511056333
704.87,30.0,24.206251201624298
749.69,30.0,24.206251061577213
724.74,30.0,24.206251255516925
589.66,30.0,24.206251166017054
636.14,30.0,24.206251061577213
698.13,30.0,24.206251130409814
664.48,30.0,24.206251380624035
718.13,30.0,24.206251131600755
708.94,30.0,24.2062511215368
632.25,30.0,24.206251166017054
703.91,30.0,24.206251166017054
707.44,30.0,24.206251148213433
608.42,30.0,24.206251125973306
575.67,30.0,24.206251126568777
642.25,30.0,24.206251148213433
728.5,30.0,24.206251256112395
809.44,30.0,24.206251061577213
764.43,30.0,24.20625131807048
814.04,30.0,24.206251166017054
623.49,30.0,24.206251143776925
813.77,30.0,24.206251095993515
698.82,30.0,24.206251287091437
806.18,30.0,24.206251143776925
632.87,30.0,24.206251093775258
626.77,30.0,24.206251137391106
671.15,30.0,24.206251137093368
784.95,30.0,24.206251125973306
818.52,30.0,24.206251191042853
621.55,30.0,24.206251148213433
660.95,30.0,24.206251125973306
661.05,30.0,24.2062512309237
658.55,30.0,24.206251184008536
854.48,30.0,24.206251115583182
703.5,30.0,24.206251178448504
750.88,30.0,24.206251131682208
598.33,30.0,24.20625120653237
743.01,30.0,24.206251125973306
659.71,30.0,24.206251137093368
535.13,30.0,24.20625121543418
544.62,30.0,24.20625116234948
660.58,30.0,24.206251287091437
686.83,30.0,24.206251147015845
674.66,30.0,24.206251195270454
807.41,30.0,24.20625116910729
710.31,30.0,24.20625118889183
678.31,30.0,24.20625116910729
766.31,30.0,24.206251192490438
535.08,30.0,24.206251212092404
783.65,30.0,24.206251195270454
594.27,30.0,24.206251199721358
707.06,30.0,24.206251235549985
704.36,30.0,24.20625120368143
805.95,30.0,24.20625117114315
771.99,30.0,24.20625116975314
766.78,30.0,24.206251235549985
605.82,30.0,24.206251202328637
729.56,30.0,24.20625121541022
572.31,30.0,24.206251179554123
724.03,30.0,24.206251180798866
571.0,30.0,24.20625117114315
671.45,30.0,24.206251212220906
614.24,30.0,24.206251170448148
619.38,30.0,24.20625121893931
664.66,30.0,24.206251191617774
746.6,30.0,24.206251180176494
756.36,30.0,25.25463933438232
645.63,30.0,24.20625119094138
632.06,30.0,24.20625121961571
694.92,30.0,24.20625117114315
758.41,30.0,24.20625120727477
468.41,30.0,24.20625119156375
706.11,30.0,24.206251199557904
793.06,30.0,24.20625120558973
651.63,30.0,24.20625120558973
627.22,30.0,24.206251204940344
693.07,30.0,24.20625119537943
692.0,30.0,24.206251205251533
648.5,30.0,24.206251194693728
620.49,30.0,24.20625120561674
573.29,30.0,24.20625117114315
780.68,30.0,24.20625119156375
745.5,30.0,24.206251194693728
608.69,30.0,24.20625118836644
714.37,30.0,24.206251202573817
798.82,30.0,24.206251194693728
855.02,30.0,24.20625119537943
747.49,30.0,23.946531611866174
642.3,30.0,24.20625119537943
742.9,30.0,24.206251188041747
869.11,30.0,24.20625120031548
657.16,30.0,24.20625120561674
636.79,30.0,24.20625119503658
776.8,30.0,24.20625119503658
841.33,30.0,24.206251191530086
567.74,30.0,24.206251191872937
641.7,30.0,24.206251202573817
674.43,30.0,24.20625119171059
826.28,30.0,24.206251191530086
573.34,30.0,24.206251198976624
653.8,30.0,24.206251198633773
716.83,30.0,24.206251195307782
622.14,30.0,24.20625120077522
596.38,30.0,24.2062511970066
667.21,30.0,24.20625119503658
617.15,30.0,24.206251195343604
600.04,28.141218058740318,23.731808366583092
684.71,30.0,24.206251193283332
732.06,30.0,24.20625119170151
756.03,30.0,24.206251195253355
572.46,30.0,24.206251191872937
569.29,30.0,24.206251202573817
718.36,30.0,24.20625119443977
595.68,30.0,24.206251191787224
842.45,30.0,23.969029783679154
602.59,30.0,24.206251192578137
638.36,30.0,24.206251194313467
649.91,30.0,23.969029779142303
774.56,30.0,24.206251192578137
780.88,30.0,24.20625119632408
656.41,30.0,23.969029781794845
722.1,30.0,24.206251195144965
606.22,30.0,24.08764048586022
735.97,30.0,24.206251194313467
685.66,30.0,24.206251193113495
766.34,30.0,24.20625119386155
577.43,30.0,24.20625119632408
574.31,30.0,24.087640486791038
548.48,30.0,23.969029781794845
614.75,30.0,24.206251191787224
862.79,30.0,24.206251192578137
814.24,27.91264956895914,23.144272603520154
731.17,30.0,24.14694584155756
661.77,30.0,24.08764048745417
774.34,30.0,24.146945839486857
687.73,30.0,24.14694583928913
663.51,30.0,23.556651192657498
628.0,30.0,24.08764048586022
598.27,30.0,23.675261899922116
690.05,30.0,24.087640486791035
586.17,30.0,24.08764048745417
449.76,30.0,24.087640486791035
767.71,30.0,24.087640486325625
577.98,30.0,23.881451193688143
531.39,30.0,24.087640486657193
644.36,30.0,23.822145839724264
631.43,30.0,23.88145119289117
654.82,30.0,24.087640486791035
522.74,30.0,23.911103869605626
443.93,30.0,23.881451193356575
624.43,30.0,23.675261899922116
561.57,30.0,24.087640486791035
740.35,30.0,23.881451193356575
878.11,30.0,23.896277531248398
705.64,30.0,23.778356546805128
653.98,30.0,23.984545840172668
680.3,30.0,23.675261899922116
753.18,30.0,23.896277531248398
735.67,30.0,23.88145119289117
769.15,30.0,23.85179851654042
677.42,30.0,23.984545839841104
706.62,30.0,23.8962775314811
747.15,30.0,23.82990386984815
726.04,30.0,23.932998516366137
659.89,30.0,23.896277531248398
611.21,30.0,23.93299851676462
809.1,30.0,23.940411685661104
651.84,30.0,23.881451193356575
658.09,30.0,23.726809223363624
772.4,30.0,23.82990387008085
714.74,30.0,23.866624854715795
572.18,30.0,23.888864362302485
777.93,30.0,23.85567753160236
666.33,30.0,23.896277531248398
739.2,30.0,23.726809223363624
661.75,30.0,23.914638023807267
633.34,30.0,23.82990387008085
716.35,30.0,23.82990386986488
763.22,30.0,23.899811685740207
683.89,30.0,23.881451193223494
790.83,30.0,23.807836792833054
744.58,30.0,23.874038024036185
653.43,30.0,23.86485777780254
613.72,30.0,23.898044608494303
876.61,30.0,23.868564362412926
780.32,30.0,23.914638023807267
601.82,30.0,23.896277531248398
655.98,30.0,23.896277531248398
838.35,30.0,21.30090317951633
480.99,30.0,23.886924854888196
678.43,30.0,23.89804460851538
715.31,30.0,23.77835654661425
531.79,30.0,22.582880478659433
675.46,30.0,23.891601193068297
724.53,30.0,23.898044608494303
718.03,30.0,23.892484731691248
612.33,30.0,22.599473894005314
722.77,30.0,23.77835654661425
597.58,30.0,23.886924854888196
653.51,30.0,23.906341316161324
767.99,30.0,23.914638023807267
649.63,30.0,23.88056765452547
725.37,30.0,23.240020774265393
690.78,30.0,23.883746254706836
672.91,30.0,23.892484731691248
710.43,30.0,23.245537543536805
705.72,30.0,23.77835654661425
622.11,30.0,22.591177186332374
644.43,30.0,23.829462100569863
773.6,30.0,22.591177186332374
703.37,30.0,23.892042962379772
596.33,30.0,23.832640700751224
570.57,30.0,23.83542063915275
700.47,30.0,23.77835654661425
594.75,30.0,23.241610074356075
669.01,30.0,23.805498623682738
525.14,30.0,23.83542063915275
612.38,30.0,22.591177186332374
645.8,30.0,23.566031868322582
592.59,30.0,23.51194704507553
680.14,30.0,23.245537543536805
573.56,30.0,23.860973416130555
726.21,30.0,23.051562115703952
835.86,30.0,23.820459631417744
591.66,30.0,23.213298912742562
754.35,30.0,23.833236019906646
672.09,30.0,23.848197027641653
827.33,30.0,23.378742294306168
615.37,30.0,23.848197027641653
610.74,30.0,22.916393630344224
755.83,30.0,23.376778559715802
705.42,30.0,23.52551808360977
619.94,30.0,23.45213018895797
714.17,30.0,23.840716523774148
785.81,30.0,23.064846271543395
746.85,30.0,23.38229532899294
774.3,30.0,23.840716523774148
607.15,30.0,23.53074797019211
724.0,30.0,22.916393630344224
698.68,30.0,23.296020603524365
616.57,30.0,23.449879571672803
761.51,30.0,23.613469660973912
715.76,30.0,23.56836856364926
689.41,30.0,23.449879571672803
674.84,30.0,23.374075396241167
725.37,30.0,23.456521649592524
472.51,30.0,23.41338428685824
667.46,30.0,23.454745132249137
645.58,30.0,23.223570800268167
622.57,30.0,23.491439079575038
680.23,30.0,23.532799924965943
612.2,30.0,23.451004880315388
701.4,30.0,23.414410264245152
647.89,30.0,23.378185362617053
668.97,30.0,23.51211950227049
670.99,30.0,23.33728784029178
697.51,30.0,23.491439079575038
609.61,30.0,23.357504939921604
732.55,30.0,23.432194583586814
540.67,30.0,23.374075396241167
691.62,30.0,23.511556847949198
528.92,30.0,23.432194583586814
651.67,30.0,23.42447200974832
667.02,30.0,23.432194583586814
694.25,30.0,23.471875715768007
763.19,30.0,23.434812221096045
810.09,30.0,23.41436345993341
628.69,30.0,23.434812221096045
664.11,30.0,23.44515243244377
644.77,30.0,23.423302423915985
610.76,30.0,23.432194583586814
644.77,30.0,23.33728784029178
714.41,30.0,23.453343968432026
779.81,30.0,23.43867350801529
622.64,30.0,23.384741211939296
744.2,30.0,23.43867350801529
602.66,30.0,23.434227428179877
745.56,30.0,23.447589069841996
652.9,30.0,23.384741211939296
618.37,30.0,23.4277485037514
717.97,30.0,23.434812221096045
599.83,30.0,23.45203514967741
752.89,30.0,23.434227428179877
815.41,30.0,23.443785698305952
665.21,30.0,23.43674286455567
706.7,30.0,23.434227428179877
630.58,30.0,23.41904259018566
699.95,30.0,23.44535432884635
909.29,30.0,23.433211005883344
787.85,30.0,23.384741211939296
626.37,30.0,23.443131288928644
533.68,30.0,23.45268955905472
548.06,30.0,23.439790878513115
864.36,30.0,23.44791042399168
683.17,30.0,23.4434584936173
754.03,30.0,23.409484320059587
642.88,30.0,23.444716211805193
699.99,30.0,23.439790878513115
720.89,30.0,23.449021943950534
605.46,30.0,23.43867935855426
548.47,30.0,23.44457001357615
642.32,30.0,23.432198459516005
622.0,30.0,23.44061020173327
689.41,30.0,23.44464311269067
751.92,30.0,23.441624686065207
679.81,30.0,23.44679597876334
798.28,30.0,23.446240218783917
680.77,30.0,23.44679597876334
701.85,30.0,23.441697785179727
686.01,30.0,23.439235118533688
582.99,30.0,23.441624686065207
464.86,30.0,23.432198459516005
486.22,30.0,23.44679597876334
658.65,30.0,23.444210332414272
670.4,30.0,23.444210332414272
811.98,30.0,23.44061020173327
709.12,30.0,23.439497219139675
419.48,30.0,23.443703090248306
536.8,30.0,23.439235118533688
829.47,30.0,23.443703090248306
615.6,30.0,23.44166123562247
796.01,30.0,23.443015548648514
624.57,30.0,23.44166123562247
708.64,30.0,23.443146598951508
726.04,30.0,23.44172272547398
676.47,30.0,23.44044817707808
624.43,30.0,23.443146598951508
708.86,30.0,23.445503155588806
784.3,30.0,23.444210332414272
691.52,30.0,23.443146598951508
705.82,30.0,23.44172272547398
709.44,30.0,23.443703090248306
751.15,30.0,23.444324877270155
502.81,30.0,23.443424844599907
690.77,30.0,23.442682162935387
705.89,30.0,23.44108545127603
598.75,30.0,23.442434662212744
754.35,30.0,23.443424844599907
717.64,30.0,23.443146598951508
627.66,30.0,23.443703090248306
772.6,30.0,23.442975666333442
793.18,30.0,23.442712907861143
835.33,30.0,23.443563967424105
653.18,30.0,23.442975666333442
681.29,30.0,23.443424844599907
673.17,30.0,23.443563967424105
771.69,30.0,23.44108545127603
665.4,30.0,23.443379769741448
617.56,30.0,23.442558412574066
620.62,30.0,23.44211602511377
668.1,30.0,23.443200255466675
796.13,30.0,23.44328572177571
779.07,30.0,23.443177718037447
803.22,30.0,23.44265814029022
530.45,30.0,23.44331255003329
721.62,30.0,23.443563967424105
535.83,30.0,23.443061189999085
660.85,30.0,23.442324709350068
717.67,30.0,23.443061189999085
684.22,30.0,23.442545845723608
582.19,30.0,23.443424844599907
595.34,30.0,23.443242988621193
686.76,30.0,23.44315208931014
689.95,30.0,23.443494406012007
778.6,30.0,23.443563967424105
609.14,30.0,23.442803517861346
688.38,30.0,23.44315208931014
675.31,30.0,23.443061189999085
569.06,30.0,23.443061189999085
678.77,30.0,23.442324709350068
713.59,30.0,23.442692949674576
600.99,30.0,23.443494406012007
605.08,30.0,23.443106639654612
626.06,30.0,23.442922519492356
700.18,30.0,23.44315208931014
784.4,30.0,23.443061189999085
704.92,30.0,23.443061189999085
668.66,30.0,23.442324709350068
733.92,30.0,23.44314896193668
644.69,30.0,23.44315208931014
553.84,30.0,23.443323247661073
783.85,30.0,23.443323247661073
640.31,30.0,23.443323247661073
632.7,30.0,23.44315052562341
621.64,30.0,23.44314896193668
681.1,30.0,23.443106639654612
530.06,30.0,23.443214943657843
526.82,30.0,23.44315052562341
767.17,30.0,23.443237668485608
762.49,30.0,23.443037304401248
707.31,30.0,23.442324709350068
575.25,30.0,23.443237668485608
635.61,30.0,23.443236104798878
632.93,30.0,23.443093915012327
702.0,30.0,23.443128582639012
704.52,30.0,23.44273761748674
719.2,30.0,23.443126124029547
743.28,30.0,23.443149743780044
642.32,30.0,23.44326909565946
679.15,30.0,23.443214943657843
724.42,30.0,23.443237668485608
799.49,30.0,23.443226306071725
606.37,30.0,23.44313916320953
572.9,30.0,23.443154429335085
713.51,30.0,23.443182343718945
792.85,30.0,23.443154429335085
641.28,30.0,19.7927366911766
545.07,30.0,23.443128582639012
741.24,30.0,23.442986861142806
729.88,30.0,23.443165009905602
779.28,30.0,23.44297628057229
812.02,30.0,23.443121829396183
800.82,24.738162954767816,23.41558934448772
507.84,30.0,23.44305772189091
648.37,30.0,23.44314679627231
794.18,30.0,23.443152086557568
623.36,30.0,23.443063012176168
439.35,30.0,23.44315546317898
698.0,30.0,23.44314679627231
554.76,30.0,21.617856485874444
680.51,30.0,21.617932636907806
783.28,30.0,21.617932636907806
672.85,30.0,22.530459749025304
723.99,30.0,23.44315377486827
740.25,30.0,22.53049517939936
723.52,30.0,23.44305772189091
562.11,30.0,22.53049517939936
606.27,30.0,21.617932636907806
766.36,30.0,23.44310490422424
762.42,30.0,23.443106592534946
586.1,30.0,23.44314679627231
670.74,30.0,23.443109237677575
579.81,30.0,23.44315377486827
635.63,30.0,22.07421390815358
592.49,30.0,21.617932636907806
603.54,30.0,22.986824477133815
831.4,30.0,22.986806761946788
821.47,30.0,22.530520937292692
760.58,30.0,22.986776450645134
611.59,30.0,22.07421390815358
568.73,30.0,21.617932636907806
697.53,30.0,22.53049517939936
688.98,30.0,22.758648693968915
795.83,30.0,22.07421390815358
666.03,30.0,22.986824477133815
674.58,30.0,22.758648693968915
829.93,30.0,22.53049517939936
745.78,30.0,22.530543205888037
615.5,30.0,21.846073272530695
617.34,30.0,23.214989126001043
732.71,30.0,22.07422678710025
648.43,30.0,22.530543205888037
672.59,30.0,22.416448874832255
661.26,30.0,22.530543205888037
705.06,30.0,22.758648693968915
794.41,30.0,22.188308239209366
647.6,30.0,22.30237855702081
804.27,30.0,22.530525632117033
752.0,30.0,22.644595949928476
667.44,30.0,22.758648693968915
605.46,30.0,22.644595949928476
784.1,30.0,22.188308239209366
623.31,30.0,22.3594257225487
717.86,30.0,22.41645209456892
678.95,30.0,22.530522412380364
533.23,30.0,22.530543205888037
728.25,30.0,22.530513625494862
659.35,30.0,22.587548784400585
678.82,30.0,22.473487253474644
773.16,30.0,22.24534339811509
744.55,30.0,22.41645209456892
698.65,30.0,22.30237855702081
718.5,30.0,22.502004832927504
742.57,30.0,22.55904599514431
798.79,30.0,22.416460881454423
639.7,30.0,22.502000439484753
893.51,30.0,22.359415325794863
750.69,30.0,22.41645209456892
699.51,30.0,22.444969674021785
659.37,30.0,22.530518018937613
605.79,30.0,22.330902139784754
675.42,30.0,22.3594257225487
635.37,30.0,22.402197698285242
567.99,30.0,22.4877438464797
639.27,30.0,22.345163931166727
669.39,30.0,22.459235858846505
648.77,30.0,22.47348505675327
627.34,30.0,22.430715277738102
811.17,30.0,22.459232857190962
778.6,30.0,22.487753438299364
578.17,30.0,22.430713081016727
676.16,30.0,22.502004832927504
725.93,30.0,22.444975568292303
699.11,30.0,22.416453888823213
706.53,30.0,22.4948743397036
637.5,30.0,22.402197698285242
524.75,30.0,22.47348505675327
801.97,30.0,22.423584382047117
585.1,30.0,22.480614451616482
685.78,30.0,22.430713081016727
626.24,30.0,22.416453888823213
719.7,30.0,22.4948743397036
500.07,30.0,22.4948743397036
712.39,30.0,22.484179698228434
589.47,30.0,22.484179698228434
700.02,30.0,22.42358348491997
703.54,30.0,22.480614451616482
633.43,30.0,22.455664114263406
824.36,30.0,22.416453888823213
621.62,30.0,22.42358348491997
579.19,30.0,22.484179698228434
701.0,30.0,22.47348505675327
541.83,30.0,22.475269226983503
763.6,30.0,22.455664114263406
428.72,30.0,22.42358348491997
562.8,30.0,22.480614451616482
732.46,30.0,22.452098968268224
851.07,30.0,22.453881591574202
728.6,30.0,22.48239707492246
826.55,30.0,22.459228912311787
692.28,30.0,22.453881591574202
710.4,30.0,22.453881591574202
787.05,30.0,22.452990279921213
736.93,30.0,22.456555251942994
649.29,30.0,22.453881591574202
731.22,30.0,22.465466670623456
543.76,30.0,22.456555251942994
703.92,30.0,22.44140619861588
698.17,30.0,22.48239707492246
619.64,30.0,22.47883315095298
673.05,30.0,22.465466670623456
609.0,30.0,22.453881591574202
806.74,30.0,22.467694201447987
731.25,30.0,22.467694201447987
689.67,30.0,22.48061511293772
750.06,30.0,22.46635737126359
727.31,30.0,22.48239707492246
526.03,30.0,22.46813933324833
607.09,30.0,22.45967413109883
645.76,30.0,22.48239707492246
633.97,30.0,22.47393187277296
585.36,30.0,22.453881591574202
800.88,30.0,22.470144622018275
762.61,30.0,22.474377223093025
668.32,30.0,22.453881591574202
528.27,30.0,22.475268204085395
754.5,30.0,22.46813933324833
620.07,30.0,22.47393187277296
708.78,30.0,22.475268204085395
624.45,30.0,22.471035603010645
692.25,30.0,22.47504563818522
622.64,30.0,22.46301575118121
809.09,30.0,22.46557754221477
625.43,30.0,22.469141977633303
718.85,30.0,22.4724837378918
810.54,30.0,22.4645748978298
739.76,30.0,22.471703768666863
682.73,30.0,22.471703768666863
698.2,30.0,22.453881591574202
671.38,30.0,22.471703768666863
553.51,30.0,22.471035603010645
647.92,30.0,22.458448671377706
701.38,30.0,22.471703768666863
660.34,30.0,22.46201310679624
822.69,30.0,22.470812857762553
642.7,30.0,22.471703768666863
494.97,30.0,22.46546620463475
802.11,30.0,22.453881591574202
793.28,30.0,22.471035603010645
623.18,30.0,22.465076220022283
631.04,30.0,22.470422873150085
801.99,30.0,22.462792680120533
622.66,30.0,22.468389994344573
650.3,30.0,22.465076220022283
750.38,30.0,22.46652435490344
733.87,30.0,22.468584986650807
527.46,30.0,22.468055911516466
685.66,30.0,22.468389994344573
475.88,30.0,22.458337135847366
554.15,30.0,22.46354466340926
640.53,30.0,22.46546620463475
733.58,30.0,22.46546620463475
633.44,30.0,22.465800287462862
497.91,30.0,22.461706677934824
742.83,30.0,22.466928099489664
649.46,30.0,22.465967328876914
796.1,30.0,22.461706677934824
780.95,30.0,22.463363565095968
742.54,30.0,22.46606482503003
751.29,30.0,22.463363565095968
620.73,30.0,22.464505434022005
785.96,30.0,22.466928099489664
690.84,30.0,22.46383700340587
817.5,30.0,22.46644771418329
637.08,30.0,22.46606482503003
717.01,30.0,22.463934499558988
570.91,30.0,22.465967328876914
736.77,30.0,22.465716766755833
737.87,30.0,22.464581926279415
729.42,30.0,22.464581926279415
575.43,30.0,22.462535121515394
701.38,30.0,22.464505434022005
747.52,30.0,22.463186062460633
761.65,30.0,22.46495091421795
710.46,30.0,22.465274627578165
729.09,30.0,22.465890795892932
644.68,30.0,22.46454368015071
748.01,30.0,22.46499966229451
635.48,30.0,22.464581926279415
588.51,30.0,22.464251225196154
575.98,30.0,22.463558523897404
683.06,30.0,22.464251225196154
755.48,30.0,22.46337229317902
556.58,30.0,22.463904874546778
692.97,30.0,22.465274627578165
773.27,30.0,22.463904874546778
485.97,30.0,22.464790794286962
838.46,30.0,22.464790794286962
772.82,30.0,22.464562803215063
757.75,30.0,22.463186062460633
541.09,30.0,22.46558271173555
691.13,30.0,22.46477167122261
